"ML Catalog Number",Format,"Scientific Name","Common Name","Background Species",Recordist,Date,Year,Month,Day,Time,Country,Country-State-County,State,County,Locality,Latitude,Longitude,"Elevation (m)",Age/Sex,Behaviors,Playback,Collected,"Specimen ID","Home Archive Catalog Number",Recorder,Microphone,Accessory,"Partner Institution","eBird Checklist ID",Unconfirmed?,"Air Temp(ºC)","Water Temp(ºC)",Comments,"Observation Details",Class,Order,Family,"Parent Species","eBird Species Code","Taxon Category","Taxonomic Sort","Recordist 2 Display Name","Recordist 2 Profile URL","Average Community Rating","Number of Ratings","Asset State","Asset Tags","Contributor Profile URL","Original Image Height","Original Image Width","Specimen Page URL","eBird Checklist URL","ebird Species URL",isInternalUser,report_as
198885451,Photo,"Aquila chrysaetos","Aigle royal",,"Lorenzo Vinciguerra",1/3/2020,2020,1,3,1404,Switzerland,CH-SG,"Sankt Gallen",,Grub/SG,47.4547,9.4812,,,,Unspecified,,,,,,,,S63315604,,,,,,,,,"Aquila chrysaetos",goleag,Species,7584.0,,,0.0,0,committed,,"https://ebird.org/profile/MTMwNDM2OQ",4888,2281,"https://macaulaylibrary.org/asset/198885451","https://ebird.org/view/checklist/S63315604","https://ebird.org/species/goleag",false,goleag
198249561,Photo,"Aquila chrysaetos","Aigle royal",,"Leonardo Rassu",9/10/2016,2016,9,10,0,Switzerland,CH-GR,Graubünden,,"Swiss National Park",46.6671,10.1934,,,,Unspecified,,,,,,,,S61549696,,,,,,,,,"Aquila chrysaetos",goleag,Species,7584.0,,,0.0,0,committed,,,1282,1927,"https://macaulaylibrary.org/asset/198249561","https://ebird.org/view/checklist/S61549696","https://ebird.org/species/goleag",false,goleag
197139961,Photo,"Aquila chrysaetos","Aigle royal",,"Guillermo López Zamora",1/3/2006,2006,1,3,1000,Switzerland,CH-VS,Wallis,,"Pfynwald (zone générale)",46.3035,7.6199,,Inconnu,,Unspecified,,,,,,,,S62992601,,,,,,,,,"Aquila chrysaetos",goleag,Species,7584.0,,,4.0,2,committed,,"https://ebird.org/profile/OTg5OTUz",2000,3008,"https://macaulaylibrary.org/asset/197139961","https://ebird.org/view/checklist/S62992601","https://ebird.org/species/goleag",false,goleag
197006711,Photo,"Aquila chrysaetos","Aigle royal",,"Lorenzo Vinciguerra",1/3/2020,2020,1,3,1404,Switzerland,CH-SG,"Sankt Gallen",,Grub/SG,47.4505,9.4869,,,,Unspecified,,,,,,,,S62973291,,,,,,,,,"Aquila chrysaetos",goleag,Species,7584.0,,,0.0,0,committed,,"https://ebird.org/profile/MTMwNDM2OQ",2744,2917,"https://macaulaylibrary.org/asset/197006711","https://ebird.org/view/checklist/S62973291","https://ebird.org/species/goleag",false,goleag
192237911,Photo,"Aquila chrysaetos","Aigle royal",,"The Wildlab",12/8/2019,2019,12,8,1136,Switzerland,CH-VS,Wallis,,"Zermatt--Stadt (City of Zermatt)",46.0215,7.7472,,,,Unspecified,,,,,,,,S62136063,,,,,"2 adults, 1 imm",,,,"Aquila chrysaetos",goleag,Species,7584.0,,,2.0,1,committed,,,544,725,"https://macaulaylibrary.org/asset/192237911","https://ebird.org/view/checklist/S62136063","https://ebird.org/species/goleag",false,goleag
192237561,Photo,"Aquila chrysaetos","Aigle royal",,"The Wildlab",12/8/2019,2019,12,8,1136,Switzerland,CH-VS,Wallis,,"Zermatt--Stadt (City of Zermatt)",46.0215,7.7472,,,,Unspecified,,,,,,,,S62136063,,,,,"2 adults, 1 imm",,,,"Aquila chrysaetos",goleag,Species,7584.0,,,2.0,1,committed,,,1093,1456,"https://macaulaylibrary.org/asset/192237561","https://ebird.org/view/checklist/S62136063","https://ebird.org/species/goleag",false,goleag
192237111,Photo,"Aquila chrysaetos","Aigle royal",,"The Wildlab",12/8/2019,2019,12,8,1136,Switzerland,CH-VS,Wallis,,"Zermatt--Stadt (City of Zermatt)",46.0215,7.7472,,,,Unspecified,,,,,,,,S62136063,,,,,"2 adults, 1 imm",,,,"Aquila chrysaetos",goleag,Species,7584.0,,,3.0,1,committed,,,1685,1264,"https://macaulaylibrary.org/asset/192237111","https://ebird.org/view/checklist/S62136063","https://ebird.org/species/goleag",false,goleag
192235581,Photo,"Aquila chrysaetos","Aigle royal",,"The Wildlab",12/8/2019,2019,12,8,1136,Switzerland,CH-VS,Wallis,,"Zermatt--Stadt (City of Zermatt)",46.0215,7.7472,,,,Unspecified,,,,,,,,S62136063,,,,,"2 adults, 1 imm",,,,"Aquila chrysaetos",goleag,Species,7584.0,,,2.0,1,committed,,,718,539,"https://macaulaylibrary.org/asset/192235581","https://ebird.org/view/checklist/S62136063","https://ebird.org/species/goleag",false,goleag
192235501,Photo,"Aquila chrysaetos","Aigle royal",,"The Wildlab",12/8/2019,2019,12,8,1136,Switzerland,CH-VS,Wallis,,"Zermatt--Stadt (City of Zermatt)",46.0215,7.7472,,,,Unspecified,,,,,,,,S62136063,,,,,"2 adults, 1 imm",,,,"Aquila chrysaetos",goleag,Species,7584.0,,,2.0,1,committed,,,2131,1598,"https://macaulaylibrary.org/asset/192235501","https://ebird.org/view/checklist/S62136063","https://ebird.org/species/goleag",false,goleag
192234071,Photo,"Aquila chrysaetos","Aigle royal",,"The Wildlab",12/8/2019,2019,12,8,1136,Switzerland,CH-VS,Wallis,,"Zermatt--Stadt (City of Zermatt)",46.0215,7.7472,,,,Unspecified,,,,,,,,S62136063,,,,,"2 adults, 1 imm",,,,"Aquila chrysaetos",goleag,Species,7584.0,,,1.0,1,committed,,,1107,830,"https://macaulaylibrary.org/asset/192234071","https://ebird.org/view/checklist/S62136063","https://ebird.org/species/goleag",false,goleag
192234061,Photo,"Aquila chrysaetos","Aigle royal",,"The Wildlab",12/8/2019,2019,12,8,1136,Switzerland,CH-VS,Wallis,,"Zermatt--Stadt (City of Zermatt)",46.0215,7.7472,,,,Unspecified,,,,,,,,S62136063,,,,,"2 adults, 1 imm",,,,"Aquila chrysaetos",goleag,Species,7584.0,,,2.0,1,committed,,,786,1048,"https://macaulaylibrary.org/asset/192234061","https://ebird.org/view/checklist/S62136063","https://ebird.org/species/goleag",false,goleag
183475421,Photo,"Aquila chrysaetos","Aigle royal",,"Juan martinez",10/19/2014,2014,10,19,0,Switzerland,CH-AI,"Appenzell Innerrhoden",,Kronberg,47.2929,9.3273,,,,Unspecified,,,,,,,,S49672690,,,,,,,,,"Aquila chrysaetos",goleag,Species,7584.0,,,2.0,1,committed,,,1704,2556,"https://macaulaylibrary.org/asset/183475421","https://ebird.org/view/checklist/S49672690","https://ebird.org/species/goleag",false,goleag
182917481,Photo,"Aquila chrysaetos","Aigle royal",,"Raphaël Nussbaumer",9/28/2019,2019,9,28,659,Switzerland,CH-BE,Bern,,"Wasserscheide Gurnigel (migration)",46.7259,7.442,,,,Unspecified,,,,,,,,S60200091,,,,,"=2 ind. - 11:45  -  18682706, ",,,,"Aquila chrysaetos",goleag,Species,7584.0,,,2.5,2,committed,,"https://ebird.org/profile/NDk3NjE1",2259,3388,"https://macaulaylibrary.org/asset/182917481","https://ebird.org/view/checklist/S60200091","https://ebird.org/species/goleag",false,goleag
182917471,Photo,"Aquila chrysaetos","Aigle royal",,"Raphaël Nussbaumer",9/28/2019,2019,9,28,659,Switzerland,CH-BE,Bern,,"Wasserscheide Gurnigel (migration)",46.7259,7.442,,,,Unspecified,,,,,,,,S60200091,,,,,"=2 ind. - 11:45  -  18682706, ",,,,"Aquila chrysaetos",goleag,Species,7584.0,,,2.0,2,committed,,"https://ebird.org/profile/NDk3NjE1",2038,3058,"https://macaulaylibrary.org/asset/182917471","https://ebird.org/view/checklist/S60200091","https://ebird.org/species/goleag",false,goleag
182917451,Photo,"Aquila chrysaetos","Aigle royal",,"Raphaël Nussbaumer",9/28/2019,2019,9,28,659,Switzerland,CH-BE,Bern,,"Wasserscheide Gurnigel (migration)",46.7259,7.442,,,,Unspecified,,,,,,,,S60200091,,,,,"=2 ind. - 11:45  -  18682706, ",,,,"Aquila chrysaetos",goleag,Species,7584.0,,,2.0,2,committed,,"https://ebird.org/profile/NDk3NjE1",1939,2907,"https://macaulaylibrary.org/asset/182917451","https://ebird.org/view/checklist/S60200091","https://ebird.org/species/goleag",false,goleag
178340011,Photo,"Aquila chrysaetos","Aigle royal",,"Frank Hawkins",9/14/2019,2019,9,14,1003,Switzerland,CH-BE,Bern,,"Wasserscheide Gurnigel (migration)",46.7259,7.442,,,,Unspecified,,,,,,,,S59920468,,,,,,,,,"Aquila chrysaetos",goleag,Species,7584.0,,,0.0,0,committed,,"https://ebird.org/profile/MzM2Nzg3",896,911,"https://macaulaylibrary.org/asset/178340011","https://ebird.org/view/checklist/S59920468","https://ebird.org/species/goleag",false,goleag
178340001,Photo,"Aquila chrysaetos","Aigle royal",,"Frank Hawkins",9/14/2019,2019,9,14,1003,Switzerland,CH-BE,Bern,,"Wasserscheide Gurnigel (migration)",46.7259,7.442,,,,Unspecified,,,,,,,,S59920468,,,,,,,,,"Aquila chrysaetos",goleag,Species,7584.0,,,0.0,0,committed,,"https://ebird.org/profile/MzM2Nzg3",1015,958,"https://macaulaylibrary.org/asset/178340001","https://ebird.org/view/checklist/S59920468","https://ebird.org/species/goleag",false,goleag
177074971,Photo,"Aquila chrysaetos","Aigle royal",,"Thomas Brooks",9/14/2019,2019,9,14,1003,Switzerland,CH-BE,Bern,,"Wasserscheide Gurnigel (migration)",46.7259,7.442,,Inconnu,,Unspecified,,,,,,,,S59786773,,,,,,,,,"Aquila chrysaetos",goleag,Species,7584.0,,,0.0,0,committed,,,3456,4608,"https://macaulaylibrary.org/asset/177074971","https://ebird.org/view/checklist/S59786773","https://ebird.org/species/goleag",false,goleag
177074921,Photo,"Aquila chrysaetos","Aigle royal","Corvus corax -- Grand Corbeau","Thomas Brooks",9/14/2019,2019,9,14,1003,Switzerland,CH-BE,Bern,,"Wasserscheide Gurnigel (migration)",46.7259,7.442,,Inconnu,,Unspecified,,,,,,,,S59786773,,,,,,,,,"Aquila chrysaetos",goleag,Species,7584.0,,,0.0,0,committed,,,3456,4608,"https://macaulaylibrary.org/asset/177074921","https://ebird.org/view/checklist/S59786773","https://ebird.org/species/goleag",false,goleag
177074881,Photo,"Aquila chrysaetos","Aigle royal","Corvus corax -- Grand Corbeau","Thomas Brooks",9/14/2019,2019,9,14,1003,Switzerland,CH-BE,Bern,,"Wasserscheide Gurnigel (migration)",46.7259,7.442,,Inconnu,,Unspecified,,,,,,,,S59786773,,,,,,,,,"Aquila chrysaetos",goleag,Species,7584.0,,,0.0,0,committed,,,3456,4608,"https://macaulaylibrary.org/asset/177074881","https://ebird.org/view/checklist/S59786773","https://ebird.org/species/goleag",false,goleag
177074871,Photo,"Aquila chrysaetos","Aigle royal","Corvus corax -- Grand Corbeau","Thomas Brooks",9/14/2019,2019,9,14,1003,Switzerland,CH-BE,Bern,,"Wasserscheide Gurnigel (migration)",46.7259,7.442,,Inconnu,,Unspecified,,,,,,,,S59786773,,,,,,,,,"Aquila chrysaetos",goleag,Species,7584.0,,,0.0,0,committed,,,3456,4608,"https://macaulaylibrary.org/asset/177074871","https://ebird.org/view/checklist/S59786773","https://ebird.org/species/goleag",false,goleag
177071391,Photo,"Aquila chrysaetos","Aigle royal",,"Thomas Brooks",9/14/2019,2019,9,14,1003,Switzerland,CH-BE,Bern,,"Wasserscheide Gurnigel (migration)",46.7259,7.442,,Inconnu,,Unspecified,,,,,,,,S59786773,,,,,,,,,"Aquila chrysaetos",goleag,Species,7584.0,,,0.0,0,committed,,,3456,4608,"https://macaulaylibrary.org/asset/177071391","https://ebird.org/view/checklist/S59786773","https://ebird.org/species/goleag",false,goleag
177071381,Photo,"Aquila chrysaetos","Aigle royal",,"Thomas Brooks",9/14/2019,2019,9,14,1003,Switzerland,CH-BE,Bern,,"Wasserscheide Gurnigel (migration)",46.7259,7.442,,Inconnu,,Unspecified,,,,,,,,S59786773,,,,,,,,,"Aquila chrysaetos",goleag,Species,7584.0,,,0.0,0,committed,,,3456,4608,"https://macaulaylibrary.org/asset/177071381","https://ebird.org/view/checklist/S59786773","https://ebird.org/species/goleag",false,goleag
177071371,Photo,"Aquila chrysaetos","Aigle royal",,"Thomas Brooks",9/14/2019,2019,9,14,1003,Switzerland,CH-BE,Bern,,"Wasserscheide Gurnigel (migration)",46.7259,7.442,,Inconnu,,Unspecified,,,,,,,,S59786773,,,,,,,,,"Aquila chrysaetos",goleag,Species,7584.0,,,0.0,0,committed,,,3456,4608,"https://macaulaylibrary.org/asset/177071371","https://ebird.org/view/checklist/S59786773","https://ebird.org/species/goleag",false,goleag
173890591,Photo,"Aquila chrysaetos","Aigle royal",,"Raphaël Nussbaumer",8/24/2019,2019,8,24,1444,Switzerland,CH-VS,Wallis,,"Col de Bretolet",46.1427,6.7962,,Inconnu,,Unspecified,,,,,,,,S59229490,,,,,"=1 ind. - 15:25 - <a href=""http://maps.google.com?q=46.147712,6.794604&t=k"">46°8'52""N 6°47'41""E</a> - <a href=""http://www.ornitho.ch/index.php?m_id=54&id=18525141"">www.ornitho.ch</a><br />=1 ind. - 16:36 - <a href=""http://maps.google.com?q=46.154812,6.791134&t=k"">46°9'17""N 6°47'28""E</a> - <a href=""http://www.ornitho.ch/index.php?m_id=54&id=18525186"">www.ornitho.ch</a><br />=1 ind. - 17:06 - <a href=""http://maps.google.com?q=46.147771,6.794568&t=k"">46°8'52""N 6°47'40""E</a> - <a href=""http://www.ornitho.ch/index.php?m_id=54&id=18525187"">www.ornitho.ch</a><br />=2 ind. - 12:56 - <a href=""http://maps.google.com?q=46.152484,6.819986&t=k"">46°9'9""N 6°49'12""E</a> - <a href=""http://www.ornitho.ch/index.php?m_id=54&id=18525148"">www.ornitho.ch</a><br />=1 ind. - 13:50 - <a href=""http://maps.google.com?q=46.16369,6.792547&t=k"">46°9'49""N 6°47'33""E</a> - <a href=""http://www.ornitho.ch/index.php?m_id=54&id=18525162"">www.ornitho.ch</a><br />=1 ind. - 14:01 - <a href=""http://maps.google.com?q=46.151166,6.815163&t=k"">46°9'4""N 6°48'55""E</a> - <a href=""http://www.ornitho.ch/index.php?m_id=54&id=18525173"">www.ornitho.ch</a><br />",,,,"Aquila chrysaetos",goleag,Species,7584.0,,,3.0,1,committed,,"https://ebird.org/profile/NDk3NjE1",1078,1616,"https://macaulaylibrary.org/asset/173890591","https://ebird.org/view/checklist/S59229490","https://ebird.org/species/goleag",false,goleag
173890581,Photo,"Aquila chrysaetos","Aigle royal",,"Raphaël Nussbaumer",8/24/2019,2019,8,24,1444,Switzerland,CH-VS,Wallis,,"Col de Bretolet",46.1427,6.7962,,Inconnu,,Unspecified,,,,,,,,S59229490,,,,,"=1 ind. - 15:25 - <a href=""http://maps.google.com?q=46.147712,6.794604&t=k"">46°8'52""N 6°47'41""E</a> - <a href=""http://www.ornitho.ch/index.php?m_id=54&id=18525141"">www.ornitho.ch</a><br />=1 ind. - 16:36 - <a href=""http://maps.google.com?q=46.154812,6.791134&t=k"">46°9'17""N 6°47'28""E</a> - <a href=""http://www.ornitho.ch/index.php?m_id=54&id=18525186"">www.ornitho.ch</a><br />=1 ind. - 17:06 - <a href=""http://maps.google.com?q=46.147771,6.794568&t=k"">46°8'52""N 6°47'40""E</a> - <a href=""http://www.ornitho.ch/index.php?m_id=54&id=18525187"">www.ornitho.ch</a><br />=2 ind. - 12:56 - <a href=""http://maps.google.com?q=46.152484,6.819986&t=k"">46°9'9""N 6°49'12""E</a> - <a href=""http://www.ornitho.ch/index.php?m_id=54&id=18525148"">www.ornitho.ch</a><br />=1 ind. - 13:50 - <a href=""http://maps.google.com?q=46.16369,6.792547&t=k"">46°9'49""N 6°47'33""E</a> - <a href=""http://www.ornitho.ch/index.php?m_id=54&id=18525162"">www.ornitho.ch</a><br />=1 ind. - 14:01 - <a href=""http://maps.google.com?q=46.151166,6.815163&t=k"">46°9'4""N 6°48'55""E</a> - <a href=""http://www.ornitho.ch/index.php?m_id=54&id=18525173"">www.ornitho.ch</a><br />",,,,"Aquila chrysaetos",goleag,Species,7584.0,,,2.0,1,committed,,"https://ebird.org/profile/NDk3NjE1",1163,1744,"https://macaulaylibrary.org/asset/173890581","https://ebird.org/view/checklist/S59229490","https://ebird.org/species/goleag",false,goleag
173889761,Photo,"Aquila chrysaetos","Aigle royal",,"Raphaël Nussbaumer",8/24/2019,2019,8,24,1444,Switzerland,CH-VS,Wallis,,"Col de Bretolet",46.1427,6.7962,,Inconnu,,Unspecified,,,,,,,,S59229490,,,,,"=1 ind. - 15:25 - <a href=""http://maps.google.com?q=46.147712,6.794604&t=k"">46°8'52""N 6°47'41""E</a> - <a href=""http://www.ornitho.ch/index.php?m_id=54&id=18525141"">www.ornitho.ch</a><br />=1 ind. - 16:36 - <a href=""http://maps.google.com?q=46.154812,6.791134&t=k"">46°9'17""N 6°47'28""E</a> - <a href=""http://www.ornitho.ch/index.php?m_id=54&id=18525186"">www.ornitho.ch</a><br />=1 ind. - 17:06 - <a href=""http://maps.google.com?q=46.147771,6.794568&t=k"">46°8'52""N 6°47'40""E</a> - <a href=""http://www.ornitho.ch/index.php?m_id=54&id=18525187"">www.ornitho.ch</a><br />=2 ind. - 12:56 - <a href=""http://maps.google.com?q=46.152484,6.819986&t=k"">46°9'9""N 6°49'12""E</a> - <a href=""http://www.ornitho.ch/index.php?m_id=54&id=18525148"">www.ornitho.ch</a><br />=1 ind. - 13:50 - <a href=""http://maps.google.com?q=46.16369,6.792547&t=k"">46°9'49""N 6°47'33""E</a> - <a href=""http://www.ornitho.ch/index.php?m_id=54&id=18525162"">www.ornitho.ch</a><br />=1 ind. - 14:01 - <a href=""http://maps.google.com?q=46.151166,6.815163&t=k"">46°9'4""N 6°48'55""E</a> - <a href=""http://www.ornitho.ch/index.php?m_id=54&id=18525173"">www.ornitho.ch</a><br />",,,,"Aquila chrysaetos",goleag,Species,7584.0,,,3.0,1,committed,,"https://ebird.org/profile/NDk3NjE1",1045,1569,"https://macaulaylibrary.org/asset/173889761","https://ebird.org/view/checklist/S59229490","https://ebird.org/species/goleag",false,goleag
173889421,Photo,"Aquila chrysaetos","Aigle royal",,"Raphaël Nussbaumer",8/24/2019,2019,8,24,1444,Switzerland,CH-VS,Wallis,,"Col de Bretolet",46.1427,6.7962,,Inconnu,,Unspecified,,,,,,,,S59229490,,,,,"=1 ind. - 15:25 - <a href=""http://maps.google.com?q=46.147712,6.794604&t=k"">46°8'52""N 6°47'41""E</a> - <a href=""http://www.ornitho.ch/index.php?m_id=54&id=18525141"">www.ornitho.ch</a><br />=1 ind. - 16:36 - <a href=""http://maps.google.com?q=46.154812,6.791134&t=k"">46°9'17""N 6°47'28""E</a> - <a href=""http://www.ornitho.ch/index.php?m_id=54&id=18525186"">www.ornitho.ch</a><br />=1 ind. - 17:06 - <a href=""http://maps.google.com?q=46.147771,6.794568&t=k"">46°8'52""N 6°47'40""E</a> - <a href=""http://www.ornitho.ch/index.php?m_id=54&id=18525187"">www.ornitho.ch</a><br />=2 ind. - 12:56 - <a href=""http://maps.google.com?q=46.152484,6.819986&t=k"">46°9'9""N 6°49'12""E</a> - <a href=""http://www.ornitho.ch/index.php?m_id=54&id=18525148"">www.ornitho.ch</a><br />=1 ind. - 13:50 - <a href=""http://maps.google.com?q=46.16369,6.792547&t=k"">46°9'49""N 6°47'33""E</a> - <a href=""http://www.ornitho.ch/index.php?m_id=54&id=18525162"">www.ornitho.ch</a><br />=1 ind. - 14:01 - <a href=""http://maps.google.com?q=46.151166,6.815163&t=k"">46°9'4""N 6°48'55""E</a> - <a href=""http://www.ornitho.ch/index.php?m_id=54&id=18525173"">www.ornitho.ch</a><br />",,,,"Aquila chrysaetos",goleag,Species,7584.0,,,2.0,1,committed,,"https://ebird.org/profile/NDk3NjE1",1963,2945,"https://macaulaylibrary.org/asset/173889421","https://ebird.org/view/checklist/S59229490","https://ebird.org/species/goleag",false,goleag
173889411,Photo,"Aquila chrysaetos","Aigle royal",,"Raphaël Nussbaumer",8/24/2019,2019,8,24,1444,Switzerland,CH-VS,Wallis,,"Col de Bretolet",46.1427,6.7962,,Inconnu,,Unspecified,,,,,,,,S59229490,,,,,"=1 ind. - 15:25 - <a href=""http://maps.google.com?q=46.147712,6.794604&t=k"">46°8'52""N 6°47'41""E</a> - <a href=""http://www.ornitho.ch/index.php?m_id=54&id=18525141"">www.ornitho.ch</a><br />=1 ind. - 16:36 - <a href=""http://maps.google.com?q=46.154812,6.791134&t=k"">46°9'17""N 6°47'28""E</a> - <a href=""http://www.ornitho.ch/index.php?m_id=54&id=18525186"">www.ornitho.ch</a><br />=1 ind. - 17:06 - <a href=""http://maps.google.com?q=46.147771,6.794568&t=k"">46°8'52""N 6°47'40""E</a> - <a href=""http://www.ornitho.ch/index.php?m_id=54&id=18525187"">www.ornitho.ch</a><br />=2 ind. - 12:56 - <a href=""http://maps.google.com?q=46.152484,6.819986&t=k"">46°9'9""N 6°49'12""E</a> - <a href=""http://www.ornitho.ch/index.php?m_id=54&id=18525148"">www.ornitho.ch</a><br />=1 ind. - 13:50 - <a href=""http://maps.google.com?q=46.16369,6.792547&t=k"">46°9'49""N 6°47'33""E</a> - <a href=""http://www.ornitho.ch/index.php?m_id=54&id=18525162"">www.ornitho.ch</a><br />=1 ind. - 14:01 - <a href=""http://maps.google.com?q=46.151166,6.815163&t=k"">46°9'4""N 6°48'55""E</a> - <a href=""http://www.ornitho.ch/index.php?m_id=54&id=18525173"">www.ornitho.ch</a><br />",,,,"Aquila chrysaetos",goleag,Species,7584.0,,,2.0,1,committed,,"https://ebird.org/profile/NDk3NjE1",1783,2675,"https://macaulaylibrary.org/asset/173889411","https://ebird.org/view/checklist/S59229490","https://ebird.org/species/goleag",false,goleag
171671831,Photo,"Aquila chrysaetos","Aigle royal",,"Jessy López Herra",8/8/2019,2019,8,8,1124,Switzerland,CH-GR,Graubünden,,"Swiss National Park--Il Fuorn Pass",46.6631,10.214,,Inconnu,,Unspecified,,,,,,,,S58837927,,,,,,,,,"Aquila chrysaetos",goleag,Species,7584.0,,,0.0,0,committed,,"https://ebird.org/profile/NzU0NDEx",1080,1440,"https://macaulaylibrary.org/asset/171671831","https://ebird.org/view/checklist/S58837927","https://ebird.org/species/goleag",false,goleag
171492281,Photo,"Aquila chrysaetos","Aigle royal",,"Leandro Furlan",6/8/2019,2019,6,8,1000,Switzerland,CH-TI,Ticino,,"Val Piora",46.5466,8.7221,,Inconnu,,Unspecified,,,,,,,,S58786329,,,,,,,,,"Aquila chrysaetos",goleag,Species,7526.0,,,0.0,0,committed,,"https://ebird.org/profile/MTI5Njc4MA",3456,4608,"https://macaulaylibrary.org/asset/171492281","https://ebird.org/view/checklist/S58786329","https://ebird.org/species/goleag",false,goleag
170940991,Photo,"Aquila chrysaetos","Aigle royal",,"Jonathan  Dean",7/31/2019,2019,7,31,1503,Switzerland,CH-VS,Wallis,,"Zermatt (general area)",46.0135,7.7445,,Inconnu,,Unspecified,,,,,,,,S58592018,,,,,"High overhead from Mark Twain Weg.",,,,"Aquila chrysaetos",goleag,Species,7526.0,,,0.0,0,committed,,"https://ebird.org/profile/ODI2OTY4",1713,1765,"https://macaulaylibrary.org/asset/170940991","https://ebird.org/view/checklist/S58592018","https://ebird.org/species/goleag",false,goleag
167044691,Photo,"Aquila chrysaetos","Aigle royal",,"Oli Bailey",7/5/2019,2019,7,5,1711,Switzerland,CH-SZ,Schwyz,,"Fronalpstock-Stoos walk",46.9695,8.637,,Inconnu,,Unspecified,,,,,,,,S57950404,,,,,,,,,"Aquila chrysaetos",goleag,Species,7526.0,,,0.0,0,committed,,"https://ebird.org/profile/NjU4OTc3",581,774,"https://macaulaylibrary.org/asset/167044691","https://ebird.org/view/checklist/S57950404","https://ebird.org/species/goleag",false,goleag
167044671,Photo,"Aquila chrysaetos","Aigle royal",,"Oli Bailey",7/5/2019,2019,7,5,1711,Switzerland,CH-SZ,Schwyz,,"Fronalpstock-Stoos walk",46.9695,8.637,,Inconnu,,Unspecified,,,,,,,,S57950404,,,,,,,,,"Aquila chrysaetos",goleag,Species,7526.0,,,0.0,0,committed,,"https://ebird.org/profile/NjU4OTc3",636,848,"https://macaulaylibrary.org/asset/167044671","https://ebird.org/view/checklist/S57950404","https://ebird.org/species/goleag",false,goleag
148845251,Photo,"Aquila chrysaetos","Aigle royal",,"brian kane",4/3/2019,2019,4,3,1720,Switzerland,CH-VS,Wallis,,Zermatt,46.0068,7.735,,Juvénile,,Unspecified,,,,,,,,S54521861,,,,,,,,,"Aquila chrysaetos",goleag,Species,7526.0,,,0.0,0,committed,,"https://ebird.org/profile/NDU3MjI5",,,"https://macaulaylibrary.org/asset/148845251","https://ebird.org/view/checklist/S54521861","https://ebird.org/species/goleag",false,goleag
148682601,Photo,"Aquila chrysaetos","Aigle royal",,"brian kane",4/2/2019,2019,4,2,1615,Switzerland,CH-VS,Wallis,,Zermatt,46.0068,7.735,,Inconnu,,Unspecified,,,,,,,,S54491862,,,,,,,,,"Aquila chrysaetos",goleag,Species,7526.0,,,0.0,0,committed,,"https://ebird.org/profile/NDU3MjI5",3888,5184,"https://macaulaylibrary.org/asset/148682601","https://ebird.org/view/checklist/S54491862","https://ebird.org/species/goleag",false,goleag
135424151,Photo,"Aquila chrysaetos","Aigle royal",,"Carlos Menacho",11/17/2018,2018,11,17,1200,Switzerland,CH-VD,Vaud,,"Col de Jaman, Switzerland",46.445,6.9748,,Juvénile,,Unspecified,,,,,,,,S51741020,,,,"Golden eagle Aquila chrysaetos (picture taken with my celphone) Didn't have camera, as birding was not the goal of the trip. There were 2 juvenile golden eagles.",,,,,"Aquila chrysaetos",goleag,Species,7526.0,,,1.0,3,committed,,"https://ebird.org/profile/NjE2MzI3",3096,4128,"https://macaulaylibrary.org/asset/135424151","https://ebird.org/view/checklist/S51741020","https://ebird.org/species/goleag",false,goleag
125553811,Photo,"Aquila chrysaetos","Aigle royal",,"Ben Frueh",5/28/2017,2017,5,28,1213,Switzerland,CH-BE,Bern,,"CH-Bern-Schattenhalb-Swiss Alps Jungfrau-Aletsch - 46.6779x8.1645",46.6779,8.1645,,Inconnu,,Unspecified,,,,,,,,S37494339,,,,,,,,,"Aquila chrysaetos",goleag,Species,7526.0,,,1.0,1,committed,,"https://ebird.org/profile/Njc0NTUy",3000,4000,"https://macaulaylibrary.org/asset/125553811","https://ebird.org/view/checklist/S37494339","https://ebird.org/species/goleag",false,goleag
125553801,Photo,"Aquila chrysaetos","Aigle royal",,"Ben Frueh",5/28/2017,2017,5,28,1213,Switzerland,CH-BE,Bern,,"CH-Bern-Schattenhalb-Swiss Alps Jungfrau-Aletsch - 46.6779x8.1645",46.6779,8.1645,,Inconnu,,Unspecified,,,,,,,,S37494339,,,,,,,,,"Aquila chrysaetos",goleag,Species,7526.0,,,1.0,1,committed,,"https://ebird.org/profile/Njc0NTUy",3000,4000,"https://macaulaylibrary.org/asset/125553801","https://ebird.org/view/checklist/S37494339","https://ebird.org/species/goleag",false,goleag
117132761,Photo,"Aquila chrysaetos","Aigle royal",,"Adelia Hellweger",2/18/2017,2017,2,18,930,Switzerland,CH-VS,Wallis,,Gemmipass,46.3976,7.6148,,Inconnu,,Unspecified,,,,,,,,S48861443,,,,,,,,,"Aquila chrysaetos",goleag,Species,7584.0,,,4.0,2,committed,,,667,1000,"https://macaulaylibrary.org/asset/117132761","https://ebird.org/view/checklist/S48861443","https://ebird.org/species/goleag",false,goleag
114222911,Photo,"Aquila chrysaetos","Aigle royal",,"Thomas Brooks",9/9/2018,2018,9,9,655,Switzerland,CH-BE,Bern,,"Wasserscheide Gurnigel (migration)",46.7259,7.442,,Inconnu,,Unspecified,,,,,,,,S48394618,,,,,,,,,"Aquila chrysaetos",goleag,Species,7584.0,,,3.0,1,committed,,,3456,4608,"https://macaulaylibrary.org/asset/114222911","https://ebird.org/view/checklist/S48394618","https://ebird.org/species/goleag",false,goleag
114222901,Photo,"Aquila chrysaetos","Aigle royal",,"Thomas Brooks",9/9/2018,2018,9,9,655,Switzerland,CH-BE,Bern,,"Wasserscheide Gurnigel (migration)",46.7259,7.442,,Inconnu,,Unspecified,,,,,,,,S48394618,,,,,,,,,"Aquila chrysaetos",goleag,Species,7584.0,,,2.0,1,committed,,,3456,4608,"https://macaulaylibrary.org/asset/114222901","https://ebird.org/view/checklist/S48394618","https://ebird.org/species/goleag",false,goleag
112735931,Photo,"Aquila chrysaetos","Aigle royal",,"Hemant Kirola",8/3/2018,2018,8,3,1100,Switzerland,CH-OW,Obwalden,,"Titlis, Switzerland",46.7707,8.4229,,Inconnu,,Unspecified,,,,,,,,S48145690,,,,,,,,,"Aquila chrysaetos",goleag,Species,7584.0,,,3.0,1,committed,,"https://ebird.org/profile/NjY3MDI2",2000,3107,"https://macaulaylibrary.org/asset/112735931","https://ebird.org/view/checklist/S48145690","https://ebird.org/species/goleag",false,goleag
110709811,Photo,"Aquila chrysaetos","Aigle royal",,"Aaron Maizlish",8/11/2018,2018,8,11,1050,Switzerland,CH-GR,Graubünden,,"Val Fex",46.4142,9.7653,,Inconnu,,Unspecified,,,,,,,,S47819429,,,,,,,,,"Aquila chrysaetos",goleag,Species,7526.0,,,2.0,1,committed,,"https://ebird.org/profile/MjMwNjE0",803,1201,"https://macaulaylibrary.org/asset/110709811","https://ebird.org/view/checklist/S47819429","https://ebird.org/species/goleag",false,goleag
110709801,Photo,"Aquila chrysaetos","Aigle royal",,"Aaron Maizlish",8/11/2018,2018,8,11,1050,Switzerland,CH-GR,Graubünden,,"Val Fex",46.4142,9.7653,,Inconnu,,Unspecified,,,,,,,,S47819429,,,,,,,,,"Aquila chrysaetos",goleag,Species,7526.0,,,2.0,1,committed,,"https://ebird.org/profile/MjMwNjE0",798,1198,"https://macaulaylibrary.org/asset/110709801","https://ebird.org/view/checklist/S47819429","https://ebird.org/species/goleag",false,goleag
107541041,Photo,"Aquila chrysaetos","Aigle royal",,"Vic Samstag",6/29/2018,2018,6,29,1130,Switzerland,CH-BE,Bern,,"trail near Wengernalp",46.5741,7.9226,,Inconnu,,Unspecified,,,,,,,,S47208429,,,,,,,,,"Aquila chrysaetos",goleag,Species,7526.0,,,3.0,2,committed,,,2483,3206,"https://macaulaylibrary.org/asset/107541041","https://ebird.org/view/checklist/S47208429","https://ebird.org/species/goleag",false,goleag
104718141,Photo,"Aquila chrysaetos","Aigle royal",,"Thomas Brooks",5/27/2018,2018,5,27,1400,Switzerland,CH-VS,Wallis,,Champex,46.0265,7.1216,,Inconnu,,Unspecified,,,,,,,,S46069753,,,,,,,,,"Aquila chrysaetos",goleag,Species,7584.0,,,3.0,1,committed,,,3456,4608,"https://macaulaylibrary.org/asset/104718141","https://ebird.org/view/checklist/S46069753","https://ebird.org/species/goleag",false,goleag
104718121,Photo,"Aquila chrysaetos","Aigle royal",,"Thomas Brooks",5/27/2018,2018,5,27,1400,Switzerland,CH-VS,Wallis,,Champex,46.0265,7.1216,,Inconnu,,Unspecified,,,,,,,,S46069753,,,,,,,,,"Aquila chrysaetos",goleag,Species,7584.0,,,4.0,3,committed,,,3456,4608,"https://macaulaylibrary.org/asset/104718121","https://ebird.org/view/checklist/S46069753","https://ebird.org/species/goleag",false,goleag
104718101,Photo,"Aquila chrysaetos","Aigle royal",,"Thomas Brooks",5/27/2018,2018,5,27,1400,Switzerland,CH-VS,Wallis,,Champex,46.0265,7.1216,,Inconnu,,Unspecified,,,,,,,,S46069753,,,,,,,,,"Aquila chrysaetos",goleag,Species,7584.0,,,3.0,1,committed,,,3456,4608,"https://macaulaylibrary.org/asset/104718101","https://ebird.org/view/checklist/S46069753","https://ebird.org/species/goleag",false,goleag
104718081,Photo,"Aquila chrysaetos","Aigle royal",,"Thomas Brooks",5/27/2018,2018,5,27,1400,Switzerland,CH-VS,Wallis,,Champex,46.0265,7.1216,,Inconnu,,Unspecified,,,,,,,,S46069753,,,,,,,,,"Aquila chrysaetos",goleag,Species,7584.0,,,1.0,1,committed,,,3456,4608,"https://macaulaylibrary.org/asset/104718081","https://ebird.org/view/checklist/S46069753","https://ebird.org/species/goleag",false,goleag
104718061,Photo,"Aquila chrysaetos","Aigle royal",,"Thomas Brooks",5/27/2018,2018,5,27,1400,Switzerland,CH-VS,Wallis,,Champex,46.0265,7.1216,,Inconnu,,Unspecified,,,,,,,,S46069753,,,,,,,,,"Aquila chrysaetos",goleag,Species,7584.0,,,3.0,2,committed,,,3456,4608,"https://macaulaylibrary.org/asset/104718061","https://ebird.org/view/checklist/S46069753","https://ebird.org/species/goleag",false,goleag
104718051,Photo,"Aquila chrysaetos","Aigle royal",,"Thomas Brooks",5/27/2018,2018,5,27,1400,Switzerland,CH-VS,Wallis,,Champex,46.0265,7.1216,,Inconnu,,Unspecified,,,,,,,,S46069753,,,,,,,,,"Aquila chrysaetos",goleag,Species,7584.0,,,3.0,1,committed,,,3456,4608,"https://macaulaylibrary.org/asset/104718051","https://ebird.org/view/checklist/S46069753","https://ebird.org/species/goleag",false,goleag
104718001,Photo,"Aquila chrysaetos","Aigle royal",,"Thomas Brooks",5/27/2018,2018,5,27,1400,Switzerland,CH-VS,Wallis,,Champex,46.0265,7.1216,,Inconnu,,Unspecified,,,,,,,,S46069753,,,,,,,,,"Aquila chrysaetos",goleag,Species,7584.0,,,3.0,1,committed,,,3456,4608,"https://macaulaylibrary.org/asset/104718001","https://ebird.org/view/checklist/S46069753","https://ebird.org/species/goleag",false,goleag
104717981,Photo,"Aquila chrysaetos","Aigle royal",,"Thomas Brooks",5/27/2018,2018,5,27,1400,Switzerland,CH-VS,Wallis,,Champex,46.0265,7.1216,,Inconnu,,Unspecified,,,,,,,,S46069753,,,,,,,,,"Aquila chrysaetos",goleag,Species,7584.0,,,1.0,1,committed,,,3456,4608,"https://macaulaylibrary.org/asset/104717981","https://ebird.org/view/checklist/S46069753","https://ebird.org/species/goleag",false,goleag
104717971,Photo,"Aquila chrysaetos","Aigle royal",,"Thomas Brooks",5/27/2018,2018,5,27,1400,Switzerland,CH-VS,Wallis,,Champex,46.0265,7.1216,,Inconnu,,Unspecified,,,,,,,,S46069753,,,,,,,,,"Aquila chrysaetos",goleag,Species,7584.0,,,3.0,1,committed,,,3456,4608,"https://macaulaylibrary.org/asset/104717971","https://ebird.org/view/checklist/S46069753","https://ebird.org/species/goleag",false,goleag
104717961,Photo,"Aquila chrysaetos","Aigle royal",,"Thomas Brooks",5/27/2018,2018,5,27,1400,Switzerland,CH-VS,Wallis,,Champex,46.0265,7.1216,,Inconnu,,Unspecified,,,,,,,,S46069753,,,,,,,,,"Aquila chrysaetos",goleag,Species,7584.0,,,3.0,1,committed,,,3456,4608,"https://macaulaylibrary.org/asset/104717961","https://ebird.org/view/checklist/S46069753","https://ebird.org/species/goleag",false,goleag
101129921,Photo,"Aquila chrysaetos","Aigle royal",,"Raphaël Nussbaumer",5/19/2018,2018,5,19,1057,Switzerland,CH-VS,Wallis,,"Südhang Brentjong-Rotafen--Brentjong",46.3198,7.6481,,Inconnu,,Unspecified,,,,,,,,S45852272,,,,,"&#61;2 ind. - 12:14 - <a href=""http://maps.google.com?q&#61;46.31926,7.653083&t&#61;k"">46°19'9""N 7°39'11""E</a> - <a href=""http://www.ornitho.ch/index.php?m_id&#61;54&id&#61;15800328"">www.ornitho.ch</a>",,,,"Aquila chrysaetos",goleag,Species,7526.0,,,2.0,1,committed,,"https://ebird.org/profile/NDk3NjE1",1641,2463,"https://macaulaylibrary.org/asset/101129921","https://ebird.org/view/checklist/S45852272","https://ebird.org/species/goleag",false,goleag
101129901,Photo,"Aquila chrysaetos","Aigle royal",,"Raphaël Nussbaumer",5/19/2018,2018,5,19,1057,Switzerland,CH-VS,Wallis,,"Südhang Brentjong-Rotafen--Brentjong",46.3198,7.6481,,Inconnu,,Unspecified,,,,,,,,S45852272,,,,,"&#61;2 ind. - 12:14 - <a href=""http://maps.google.com?q&#61;46.31926,7.653083&t&#61;k"">46°19'9""N 7°39'11""E</a> - <a href=""http://www.ornitho.ch/index.php?m_id&#61;54&id&#61;15800328"">www.ornitho.ch</a>",,,,"Aquila chrysaetos",goleag,Species,7526.0,,,2.0,1,committed,,"https://ebird.org/profile/NDk3NjE1",1641,2463,"https://macaulaylibrary.org/asset/101129901","https://ebird.org/view/checklist/S45852272","https://ebird.org/species/goleag",false,goleag
67909871,Photo,"Aquila chrysaetos","Aigle royal",,"Raphaël Nussbaumer",9/3/2017,2017,9,3,1039,Switzerland,CH-VS,Wallis,,"Crêta de Vella",45.9598,7.1735,,Inconnu,,Unspecified,,,,,,,,S38978565,,,,,"&#61;1 ind. - 12:17 - <a href=""http://maps.google.com?q&#61;45.951748,7.187172&t&#61;k"">45.951748,7.187172</a> - <a href=""http://www.ornitho.ch/index.php?m_id&#61;54&id&#61;14133469"">www.ornitho.ch</a>",,,,"Aquila chrysaetos",goleag,Species,7526.0,,,3.0,3,committed,,"https://ebird.org/profile/NDk3NjE1",2103,3154,"https://macaulaylibrary.org/asset/67909871","https://ebird.org/view/checklist/S38978565","https://ebird.org/species/goleag",false,goleag
67909861,Photo,"Aquila chrysaetos","Aigle royal",,"Raphaël Nussbaumer",9/3/2017,2017,9,3,1039,Switzerland,CH-VS,Wallis,,"Crêta de Vella",45.9598,7.1735,,Inconnu,,Unspecified,,,,,,,,S38978565,,,,,"&#61;1 ind. - 12:17 - <a href=""http://maps.google.com?q&#61;45.951748,7.187172&t&#61;k"">45.951748,7.187172</a> - <a href=""http://www.ornitho.ch/index.php?m_id&#61;54&id&#61;14133469"">www.ornitho.ch</a>",,,,"Aquila chrysaetos",goleag,Species,7526.0,,,1.6666666666666667,3,committed,,"https://ebird.org/profile/NDk3NjE1",2549,3824,"https://macaulaylibrary.org/asset/67909861","https://ebird.org/view/checklist/S38978565","https://ebird.org/species/goleag",false,goleag
67909851,Photo,"Aquila chrysaetos","Aigle royal",,"Raphaël Nussbaumer",9/3/2017,2017,9,3,1039,Switzerland,CH-VS,Wallis,,"Crêta de Vella",45.9598,7.1735,,Inconnu,,Unspecified,,,,,,,,S38978565,,,,,"&#61;1 ind. - 12:17 - <a href=""http://maps.google.com?q&#61;45.951748,7.187172&t&#61;k"">45.951748,7.187172</a> - <a href=""http://www.ornitho.ch/index.php?m_id&#61;54&id&#61;14133469"">www.ornitho.ch</a>",,,,"Aquila chrysaetos",goleag,Species,7526.0,,,1.6666666666666667,3,committed,,"https://ebird.org/profile/NDk3NjE1",2464,3696,"https://macaulaylibrary.org/asset/67909851","https://ebird.org/view/checklist/S38978565","https://ebird.org/species/goleag",false,goleag
67909841,Photo,"Aquila chrysaetos","Aigle royal",,"Raphaël Nussbaumer",9/3/2017,2017,9,3,1039,Switzerland,CH-VS,Wallis,,"Crêta de Vella",45.9598,7.1735,,Inconnu,,Unspecified,,,,,,,,S38978565,,,,,"&#61;1 ind. - 12:17 - <a href=""http://maps.google.com?q&#61;45.951748,7.187172&t&#61;k"">45.951748,7.187172</a> - <a href=""http://www.ornitho.ch/index.php?m_id&#61;54&id&#61;14133469"">www.ornitho.ch</a>",,,,"Aquila chrysaetos",goleag,Species,7526.0,,,1.6666666666666667,3,committed,,"https://ebird.org/profile/NDk3NjE1",2010,3015,"https://macaulaylibrary.org/asset/67909841","https://ebird.org/view/checklist/S38978565","https://ebird.org/species/goleag",false,goleag
67139551,Photo,"Aquila chrysaetos","Aigle royal",,"Patrick MONNEY",10/3/2011,2011,10,3,730,Switzerland,CH-FR,Freiburg,,"Plaffeien - Gurli",46.7138,7.2833,,Inconnu,,Unspecified,,,,,,,,S20699047,,,,"et Buteo buteo",,,,,"Aquila chrysaetos",goleag,Species,7584.0,,,3.0,2,committed,,"https://ebird.org/profile/NDAwNjc1",991,1906,"https://macaulaylibrary.org/asset/67139551","https://ebird.org/view/checklist/S20699047","https://ebird.org/species/goleag",false,goleag
67022861,Photo,"Aquila chrysaetos","Aigle royal",,"Patrick MONNEY",6/7/2014,2014,6,7,900,Switzerland,CH-FR,Freiburg,,"Jaun - Jansegg",46.6133,7.2535,,Inconnu,,Unspecified,,,,,,,,S20046337,,,,,,,,,"Aquila chrysaetos",goleag,Species,7584.0,,,3.0,1,committed,,"https://ebird.org/profile/NDAwNjc1",1550,2417,"https://macaulaylibrary.org/asset/67022861","https://ebird.org/view/checklist/S20046337","https://ebird.org/species/goleag",false,goleag
66967231,Photo,"Aquila chrysaetos","Aigle royal",,"Patrick MONNEY",10/2/2014,2014,10,2,1045,Switzerland,CH-FR,Freiburg,,"Plaffeien - Gurli",46.7138,7.2833,,Inconnu,,Unspecified,,,,,,,,S20055613,,,,,,,,,"Aquila chrysaetos",goleag,Species,7584.0,,,3.0,1,committed,,"https://ebird.org/profile/NDAwNjc1",1379,2232,"https://macaulaylibrary.org/asset/66967231","https://ebird.org/view/checklist/S20055613","https://ebird.org/species/goleag",false,goleag
66967221,Photo,"Aquila chrysaetos","Aigle royal",,"Patrick MONNEY",10/2/2014,2014,10,2,1045,Switzerland,CH-FR,Freiburg,,"Plaffeien - Gurli",46.7138,7.2833,,Inconnu,,Unspecified,,,,,,,,S20055613,,,,,,,,,"Aquila chrysaetos",goleag,Species,7584.0,,,3.0,1,committed,,"https://ebird.org/profile/NDAwNjc1",1494,2307,"https://macaulaylibrary.org/asset/66967221","https://ebird.org/view/checklist/S20055613","https://ebird.org/species/goleag",false,goleag
66966851,Photo,"Aquila chrysaetos","Aigle royal",,"Patrick MONNEY",10/9/2014,2014,10,9,700,Switzerland,CH-FR,Freiburg,,"Plan des Eaux",46.525,7.1436,,Inconnu,,Unspecified,,,,,,,,S22003898,,,,,,,,,"Aquila chrysaetos",goleag,Species,7584.0,,,3.3333333333333335,3,committed,,"https://ebird.org/profile/NDAwNjc1",1535,2579,"https://macaulaylibrary.org/asset/66966851","https://ebird.org/view/checklist/S22003898","https://ebird.org/species/goleag",false,goleag
66966841,Photo,"Aquila chrysaetos","Aigle royal",,"Patrick MONNEY",10/9/2014,2014,10,9,700,Switzerland,CH-FR,Freiburg,,"Plan des Eaux",46.525,7.1436,,Inconnu,,Unspecified,,,,,,,,S22003898,,,,,,,,,"Aquila chrysaetos",goleag,Species,7584.0,,,1.0,1,committed,,"https://ebird.org/profile/NDAwNjc1",1535,2579,"https://macaulaylibrary.org/asset/66966841","https://ebird.org/view/checklist/S22003898","https://ebird.org/species/goleag",false,goleag
66884521,Photo,"Aquila chrysaetos","Aigle royal",,"Patrick MONNEY",5/14/2015,2015,5,14,600,Switzerland,CH-FR,Freiburg,,Montbovon,46.4863,7.0429,,Inconnu,,Unspecified,,,,,,,,S23832524,,,,,,,,,"Aquila chrysaetos",goleag,Species,7584.0,,,5.0,2,committed,,"https://ebird.org/profile/NDAwNjc1",1080,1740,"https://macaulaylibrary.org/asset/66884521","https://ebird.org/view/checklist/S23832524","https://ebird.org/species/goleag",false,goleag
66792631,Photo,"Aquila chrysaetos","Aigle royal",,"Patrick MONNEY",3/10/2016,2016,3,10,1030,Switzerland,CH-VS,Wallis,,Gemmipass,46.3976,7.6148,,Inconnu,,Unspecified,,,,,,,,S28110519,,,,,,,,,"Aquila chrysaetos",goleag,Species,7526.0,,,5.0,2,committed,,"https://ebird.org/profile/NDAwNjc1",2035,2963,"https://macaulaylibrary.org/asset/66792631","https://ebird.org/view/checklist/S28110519","https://ebird.org/species/goleag",false,goleag
66603821,Photo,"Aquila chrysaetos","Aigle royal",,"Thomas Brooks",8/20/2017,2017,8,20,600,Switzerland,CH-VD,Vaud,,"Rochers de Naye",46.4318,6.9764,,Immature,,Unspecified,,,,,,,,S38743975,,,,"3rd year?",,,,,"Aquila chrysaetos",goleag,Species,7526.0,,,3.0,2,committed,,,3456,4608,"https://macaulaylibrary.org/asset/66603821","https://ebird.org/view/checklist/S38743975","https://ebird.org/species/goleag",false,goleag
66603811,Photo,"Aquila chrysaetos","Aigle royal",,"Thomas Brooks",8/20/2017,2017,8,20,600,Switzerland,CH-VD,Vaud,,"Rochers de Naye",46.4318,6.9764,,Immature,,Unspecified,,,,,,,,S38743975,,,,"3rd year?",,,,,"Aquila chrysaetos",goleag,Species,7526.0,,,3.0,1,committed,,,3456,4608,"https://macaulaylibrary.org/asset/66603811","https://ebird.org/view/checklist/S38743975","https://ebird.org/species/goleag",false,goleag
66603801,Photo,"Aquila chrysaetos","Aigle royal",,"Thomas Brooks",8/20/2017,2017,8,20,600,Switzerland,CH-VD,Vaud,,"Rochers de Naye",46.4318,6.9764,,Immature,,Unspecified,,,,,,,,S38743975,,,,"3rd year?",,,,,"Aquila chrysaetos",goleag,Species,7526.0,,,3.0,1,committed,,,3456,4608,"https://macaulaylibrary.org/asset/66603801","https://ebird.org/view/checklist/S38743975","https://ebird.org/species/goleag",false,goleag
66603791,Photo,"Aquila chrysaetos","Aigle royal",,"Thomas Brooks",8/20/2017,2017,8,20,600,Switzerland,CH-VD,Vaud,,"Rochers de Naye",46.4318,6.9764,,Immature,,Unspecified,,,,,,,,S38743975,,,,"3rd year?",,,,,"Aquila chrysaetos",goleag,Species,7526.0,,,3.0,1,committed,,,3456,4608,"https://macaulaylibrary.org/asset/66603791","https://ebird.org/view/checklist/S38743975","https://ebird.org/species/goleag",false,goleag
66603781,Photo,"Aquila chrysaetos","Aigle royal",,"Thomas Brooks",8/20/2017,2017,8,20,600,Switzerland,CH-VD,Vaud,,"Rochers de Naye",46.4318,6.9764,,Adulte,,Unspecified,,,,,,,,S38743975,,,,,,,,,"Aquila chrysaetos",goleag,Species,7526.0,,,3.0,1,committed,,,3456,4608,"https://macaulaylibrary.org/asset/66603781","https://ebird.org/view/checklist/S38743975","https://ebird.org/species/goleag",false,goleag
66603761,Photo,"Aquila chrysaetos","Aigle royal",,"Thomas Brooks",8/20/2017,2017,8,20,600,Switzerland,CH-VD,Vaud,,"Rochers de Naye",46.4318,6.9764,,Immature,,Unspecified,,,,,,,,S38743975,,,,"3rd year?",,,,,"Aquila chrysaetos",goleag,Species,7526.0,,,3.0,1,committed,,,3456,4608,"https://macaulaylibrary.org/asset/66603761","https://ebird.org/view/checklist/S38743975","https://ebird.org/species/goleag",false,goleag
61443171,Photo,"Aquila chrysaetos","Aigle royal",,"Kai Frueh",5/28/2017,2017,5,28,1213,Switzerland,CH-BE,Bern,,"CH-Bern-Schattenhalb-Swiss Alps Jungfrau-Aletsch - 46.6779x8.1645",46.6779,8.1645,,Inconnu,,Unspecified,,,,,,,,S37302749,,,,,,,,,"Aquila chrysaetos",goleag,Species,7526.0,,,2.0,1,committed,,"https://ebird.org/profile/NjQxODg3",3456,4608,"https://macaulaylibrary.org/asset/61443171","https://ebird.org/view/checklist/S37302749","https://ebird.org/species/goleag",false,goleag
61443161,Photo,"Aquila chrysaetos","Aigle royal",,"Kai Frueh",5/28/2017,2017,5,28,1213,Switzerland,CH-BE,Bern,,"CH-Bern-Schattenhalb-Swiss Alps Jungfrau-Aletsch - 46.6779x8.1645",46.6779,8.1645,,Inconnu,,Unspecified,,,,,,,,S37302749,,,,,,,,,"Aquila chrysaetos",goleag,Species,7526.0,,,2.0,1,committed,,"https://ebird.org/profile/NjQxODg3",3456,4608,"https://macaulaylibrary.org/asset/61443161","https://ebird.org/view/checklist/S37302749","https://ebird.org/species/goleag",false,goleag
61443151,Photo,"Aquila chrysaetos","Aigle royal",,"Kai Frueh",5/28/2017,2017,5,28,1213,Switzerland,CH-BE,Bern,,"CH-Bern-Schattenhalb-Swiss Alps Jungfrau-Aletsch - 46.6779x8.1645",46.6779,8.1645,,Inconnu,,Unspecified,,,,,,,,S37302749,,,,,,,,,"Aquila chrysaetos",goleag,Species,7526.0,,,2.0,1,committed,,"https://ebird.org/profile/NjQxODg3",3456,4608,"https://macaulaylibrary.org/asset/61443151","https://ebird.org/view/checklist/S37302749","https://ebird.org/species/goleag",false,goleag
61443131,Photo,"Aquila chrysaetos","Aigle royal",,"Kai Frueh",5/28/2017,2017,5,28,1213,Switzerland,CH-BE,Bern,,"CH-Bern-Schattenhalb-Swiss Alps Jungfrau-Aletsch - 46.6779x8.1645",46.6779,8.1645,,Inconnu,,Unspecified,,,,,,,,S37302749,,,,,,,,,"Aquila chrysaetos",goleag,Species,7526.0,,,2.0,1,committed,,"https://ebird.org/profile/NjQxODg3",3456,4608,"https://macaulaylibrary.org/asset/61443131","https://ebird.org/view/checklist/S37302749","https://ebird.org/species/goleag",false,goleag
53752561,Photo,"Aquila chrysaetos","Aigle royal",,"Serge Wolf",4/8/2017,2017,4,8,901,Switzerland,CH-SO,Solothurn,,Wandflue,47.2305,7.4036,,Inconnu,,Unspecified,,,,,,,,S35778885,,,,,,,,,"Aquila chrysaetos",goleag,Species,7526.0,,,4.0,2,committed,,"https://ebird.org/profile/NTQxNDM4",1436,2320,"https://macaulaylibrary.org/asset/53752561","https://ebird.org/view/checklist/S35778885","https://ebird.org/species/goleag",false,goleag
50003341,Photo,"Aquila chrysaetos","Aigle royal",,"Ashwin Viswanathan",3/4/2017,2017,3,4,1122,Switzerland,CH-SG,"Sankt Gallen",,Ölberg,47.1759,9.3659,,Juvénile,,Unspecified,,,,,,,,S34947621,,,,,"Great views",,,,"Aquila chrysaetos",goleag,Species,7526.0,,,2.0,1,committed,,"https://ebird.org/profile/NDk0MDUw",2248,4000,"https://macaulaylibrary.org/asset/50003341","https://ebird.org/view/checklist/S34947621","https://ebird.org/species/goleag",false,goleag
50003331,Photo,"Aquila chrysaetos","Aigle royal",,"Ashwin Viswanathan",3/4/2017,2017,3,4,1122,Switzerland,CH-SG,"Sankt Gallen",,Ölberg,47.1759,9.3659,,Juvénile,,Unspecified,,,,,,,,S34947621,,,,,"Great views",,,,"Aquila chrysaetos",goleag,Species,7526.0,,,2.0,1,committed,,"https://ebird.org/profile/NDk0MDUw",2248,4000,"https://macaulaylibrary.org/asset/50003331","https://ebird.org/view/checklist/S34947621","https://ebird.org/species/goleag",false,goleag
50003321,Photo,"Aquila chrysaetos","Aigle royal",,"Ashwin Viswanathan",3/4/2017,2017,3,4,1122,Switzerland,CH-SG,"Sankt Gallen",,Ölberg,47.1759,9.3659,,Juvénile,,Unspecified,,,,,,,,S34947621,,,,,"Great views",,,,"Aquila chrysaetos",goleag,Species,7526.0,,,2.0,1,committed,,"https://ebird.org/profile/NDk0MDUw",2248,4000,"https://macaulaylibrary.org/asset/50003321","https://ebird.org/view/checklist/S34947621","https://ebird.org/species/goleag",false,goleag
43377761,Photo,"Aquila chrysaetos","Aigle royal",,"Serge Wolf",12/24/2016,2016,12,24,843,Switzerland,CH-BE,Bern,,"Wasserscheide Gurnigel (migration)",46.7259,7.442,,Inconnu,,Unspecified,,,,,,,,S33175409,,,,,,,,,"Aquila chrysaetos",goleag,Species,7584.0,,,4.0,3,committed,,"https://ebird.org/profile/NTQxNDM4",3161,4726,"https://macaulaylibrary.org/asset/43377761","https://ebird.org/view/checklist/S33175409","https://ebird.org/species/goleag",false,goleag
41827531,Photo,"Aquila chrysaetos","Aigle royal",,"Raphaël Nussbaumer",12/4/2016,2016,12,4,1300,Switzerland,CH-BE,Bern,,"Adelboden (general area)",46.493,7.5592,,Inconnu,,Unspecified,,,,,,,,S32855119,,,,,"&#61;3 ind. - 13:41 - <a href=""http://maps.google.com?q&#61;46.510482,7.519807&t&#61;k"">46°30'37.74""N 7°31'11.31""E</a> - <a href=""http://www.ornitho.ch/index.php?m_id&#61;54&id&#61;12632230"">ornitho.ch</a>",,,,"Aquila chrysaetos",goleag,Species,7526.0,,,1.0,1,committed,,"https://ebird.org/profile/NDk3NjE1",445,791,"https://macaulaylibrary.org/asset/41827531","https://ebird.org/view/checklist/S32855119","https://ebird.org/species/goleag",false,goleag
40956061,Photo,"Aquila chrysaetos","Aigle royal",,"Patrick MONNEY",10/22/2016,2016,10,22,900,Switzerland,CH-FR,Freiburg,,"Jaun - Jansegg",46.6133,7.2535,,Inconnu,,Unspecified,,,,,,,,S32723782,,,,,"simulent ensemble une attaque sur des chamois",,,,"Aquila chrysaetos",goleag,Species,7584.0,,,3.0,1,committed,,"https://ebird.org/profile/NDAwNjc1",1505,2328,"https://macaulaylibrary.org/asset/40956061","https://ebird.org/view/checklist/S32723782","https://ebird.org/species/goleag",false,goleag
40956051,Photo,"Aquila chrysaetos","Aigle royal",,"Patrick MONNEY",10/22/2016,2016,10,22,900,Switzerland,CH-FR,Freiburg,,"Jaun - Jansegg",46.6133,7.2535,,Inconnu,,Unspecified,,,,,,,,S32723782,,,,,"simulent ensemble une attaque sur des chamois",,,,"Aquila chrysaetos",goleag,Species,7584.0,,,3.0,1,committed,,"https://ebird.org/profile/NDAwNjc1",1740,2678,"https://macaulaylibrary.org/asset/40956051","https://ebird.org/view/checklist/S32723782","https://ebird.org/species/goleag",false,goleag
40956031,Photo,"Aquila chrysaetos","Aigle royal",,"Patrick MONNEY",10/22/2016,2016,10,22,900,Switzerland,CH-FR,Freiburg,,"Jaun - Jansegg",46.6133,7.2535,,Inconnu,,Unspecified,,,,,,,,S32723782,,,,,"simulent ensemble une attaque sur des chamois",,,,"Aquila chrysaetos",goleag,Species,7584.0,,,3.0,1,committed,,"https://ebird.org/profile/NDAwNjc1",1957,3151,"https://macaulaylibrary.org/asset/40956031","https://ebird.org/view/checklist/S32723782","https://ebird.org/species/goleag",false,goleag
40133901,Photo,"Aquila chrysaetos","Aigle royal",,"Henrik Thorlund",9/28/2013,2013,9,28,1300,Switzerland,CH-VD,Vaud,,"Col de Jaman",46.4502,6.976,,Inconnu,,Unspecified,,,,,,,,S32586191,,,,,,,,,"Aquila chrysaetos",goleag,Species,7526.0,,,2.0,1,committed,,"https://ebird.org/profile/NzIxMjUw",1080,1623,"https://macaulaylibrary.org/asset/40133901","https://ebird.org/view/checklist/S32586191","https://ebird.org/species/goleag",false,goleag
36810511,Photo,"Aquila chrysaetos","Aigle royal",,"Serge Wolf",10/6/2016,2016,10,6,1422,Switzerland,CH-BE,Bern,,"Wasserscheide Gurnigel (migration)",46.7259,7.442,,Inconnu,,Unspecified,,,,,,,,S31918869,,,,,,,,,"Aquila chrysaetos",goleag,Species,7584.0,,,4.0,2,committed,,"https://ebird.org/profile/NTQxNDM4",1828,2978,"https://macaulaylibrary.org/asset/36810511","https://ebird.org/view/checklist/S31918869","https://ebird.org/species/goleag",false,goleag
36190421,Photo,"Aquila chrysaetos","Aigle royal",,"Serge Wolf",9/28/2016,2016,9,28,816,Switzerland,CH-BE,Bern,,"Wasserscheide Gurnigel (migration)",46.7259,7.442,,Inconnu,,Unspecified,,,,,,,,S31796684,,,,,"1erW 1110",,,,"Aquila chrysaetos",goleag,Species,7584.0,,,2.0,1,committed,,"https://ebird.org/profile/NTQxNDM4",1866,2799,"https://macaulaylibrary.org/asset/36190421","https://ebird.org/view/checklist/S31796684","https://ebird.org/species/goleag",false,goleag
32672351,Photo,"Aquila chrysaetos","Aigle royal",,"Serge Wolf",8/14/2016,2016,8,14,2002,Switzerland,CH-GR,Graubünden,,"Piz Languard",46.4884,9.9564,,Inconnu,,Unspecified,,,,,,,,S31114464,,,,,2w,,,,"Aquila chrysaetos",goleag,Species,7526.0,,,3.5,2,committed,,"https://ebird.org/profile/NTQxNDM4",2873,4463,"https://macaulaylibrary.org/asset/32672351","https://ebird.org/view/checklist/S31114464","https://ebird.org/species/goleag",false,goleag
29368281,Photo,"Aquila chrysaetos","Aigle royal",,"Raphaël Nussbaumer",5/21/2016,2016,5,21,1648,Switzerland,CH-VS,Wallis,,"Südhang Brentjong-Rotafen--Hohe Brücke",46.3132,7.6746,,Inconnu,,Unspecified,,,,,,,,S29812352,,,,,,,,,"Aquila chrysaetos",goleag,Species,7526.0,,,2.0,1,committed,,"https://ebird.org/profile/NDk3NjE1",268,476,"https://macaulaylibrary.org/asset/29368281","https://ebird.org/view/checklist/S29812352","https://ebird.org/species/goleag",false,goleag
29368271,Photo,"Aquila chrysaetos","Aigle royal",,"Raphaël Nussbaumer",5/21/2016,2016,5,21,1648,Switzerland,CH-VS,Wallis,,"Südhang Brentjong-Rotafen--Hohe Brücke",46.3132,7.6746,,Inconnu,,Unspecified,,,,,,,,S29812352,,,,,,,,,"Aquila chrysaetos",goleag,Species,7526.0,,,2.0,1,committed,,"https://ebird.org/profile/NDk3NjE1",268,476,"https://macaulaylibrary.org/asset/29368271","https://ebird.org/view/checklist/S29812352","https://ebird.org/species/goleag",false,goleag
